tidx,Name,Type,Period,Epoch
0,ASASSN-V J195636.20-521846.6,YSO,,
2,ASAS J200314-5023.2,ED,3.03473,2451874.82
6,V5840 Sgr,RS,3.244,2454546.88
7,ASASSN-V J192837.32-350057.2,ROT,3.4906,2457329.56
11,Gaia DR3 6750919828825203328,EB,0.88756,2458265.71
14,ASASSN-V J180756.95-583203.5,EA,5.2976,2457076.844
18,ASAS J180959-5806.8,ESD|ED,2.54364,2451951.198
20,ASASSN-V J181304.80-591430.2,ROT,8.5202,2459328.679
22,Gaia DR3 6649292003429888128,E,1.70981,
23,KELT KS36C089030,EA,1.449195,2457590.598
25,ASAS J182453-5433.0,ED,2.202736,2451950.121
26,ASASSN-V J183100.55-593513.2,L,,
32,ASAS J184306-5603.7,ED,2.50954,2451953.605
35,V4428 Sgr,EA,2.7835,2448502.23
37,ASAS J200710-4551.0,MISC,20.784834,2451940.2
44,V0795 Sgr,EA,1.3518937,2428074.21
55,V1252 Sgr,EA/SD,1.435689,2426480.516
56,V5571 Sgr,EA,0.948834,2452740.875
59,ASASSN-V J191456.54-323301.5,SR,288.0,2458718.641
60,ASAS J032258-7047.3,MISC,309.0,2452758.5
62,ASASSN-V J192043.38-320048.2,EA,2.40619,2457218.531
63,ASASSN-V J192130.48-304705.5,EB,1.732,2457137.767
72,TIC 49534600,EA,7.94999,2452031.777
73,AR Dor,EA,2.952057,2448608.637
74,AL Dor,EA/DM,14.90532,2448665.345
75,V0363 Tel,EA,2.67524,2452875.681
77,ASASSN-V J191426.60-461624.3,EA,5.1944,2458042.585
79,ASASSN-V J191603.88-474318.0,EA,2.0693,2456789.695
82,V0362 Tel,EA,1.21125,2448017.991
84,Gaia DR3 6656655157923299968,E,2.83685,
87,ASASSN-V J174418.26-545516.6,EB,16.25,2458159.879
91,V1026 Ara,SRB,99.36721,2452188.3
97,ASAS J180416-5847.0,ESD|ED,1.60488,2451941.373
99,1SWASP J195132.38-432249.4,EA,3.031966,
100,V2201 Sgr,EA,4.8151,2452039.794
102,Gaia DR3 5283700520240441600,DSCT|GDOR|SXPHE,1.88506,
103,ASASSN-V J184656.30-482253.7,ROT,7.3412,2457078.887
104,ASAS J191555-5251.4,EB|EW,0.631465,2451965.04
107,V0364 Tel,EA,11.2359,2452095.622
111,Gaia DR3 6669962615871599488,E,1.99509,
119,Gaia DR3 5266660009853275648,ROT,,
124,CF Tuc,EA/RS,2.7975,2455118.75
125,V0732 CrA,EA,1.00545,2452712.879
127,ASASSN-V J184632.93-442815.4,EA,2.1287,2457528.683
130,NSV 412,ESD|ED,0.634765,2451868.68
134,KELT KS28C01213,EA,1.345356,2455290.624
137,ASAS J202143-5619.4,ESD,4.30408,2451878.084
139,IQ Pav,EA,0.659286,2454725.541
141,ASAS J044758-5600.5,EA,1.83616,2452465.97
144,Gaia DR3 4654166307300552064,E,159.3,
148,ASAS J023455-7315.5,ED,1.05502,2451869.57
150,ASASSN-V J184432.28-414658.6,EA,2.9045,2457288.498
151,ASASSN-V J185804.95-402143.5,EA,1.8956,2457935.597
152,NSV 24651,VAR:,,
153,ASASSN-V J190503.20-412144.4,EB,7.5266,2457137.749
159,ASAS J191313-3945.0,ESD,1.316527,2451963.59
160,ASAS J175450-5256.2,MISC,50.98,2452537.2
164,ASAS J053936-7958.6,VAR,1.841278,
166,ASAS J060846-7815.4,ED,5.672635,2451878.0
169,RV Hyi,EA,7.19505,2425477.4
172,Y Hyi,EA/SD,3.53597,2425481.5
176,ASASSN-V J203616.98-713022.6,EA,5.5036,2459000.547
179,AA Hyi,EA/KE:,1.150272,2428694.7
181,SSS_J184822.6-514048,EA,3.840378,
185,Gaia DR3 6383172599951113088,E,4.47621,
187,ASAS J221623-7615.0,ED,3.353507,2451875.7
188,ASASSN-V J062525.57-830235.2,ROT,121.0,2458307.0
190,ASASSN-V J073327.11-760504.0,VAR,,
193,BM Oct,E,3.70898,2428702.55
196,V4407 Sgr,EA,1.45174,2448174.387
197,LMC V3386,EA,12.2221,2458162.66
200,Gaia DR3 6360429919188648448,RS,,
201,ASAS J184509-8056.3,EC,1.2845,2451871.322
205,ASAS J185533-3201.4,ED,2.812418,2451963.05
209,ASAS J081328-8119.6,ESD|ED,1.39121,2451869.98
213,ASAS J065658-5909.6,ESD|ED,1.08,2451870.21
214,ASASSN-V J070157.29-580724.0,ROT,6.8049,2458852.824
215,ASAS J030343-7616.0,ROT,9.75,
217,ASASSN-V J225743.31-782429.5,EB,0.825196,2457377.573
219,CzeV3457,EA,2.30739,2458648.229
222,ASAS J161929-8629.7,MISC,10.876442,2451889.2
224,ASASSN-V J180955.58-511003.1,EA,0.960586,2457191.642
227,ASAS J180953-5301.5,ED,3.702917,2451952.0
229,ASASSN-V J184926.10-513704.7,ROT,10.674,2458600.754
233,Gaia DR3 5811601509001574912,E,6.1308,
235,Gaia DR3 6378219879888161920,E,0.92968,
240,ASAS J173939-6658.8,ESD|ED,2.985072,2451934.34
241,V0534 Ara,M,228.0,2454612.0
244,NSV 17410,,,
251,Gaia DR3 5811904664972614016,E,1.52466,
252,Gaia DR3 6432354270462576640,ACV|roAm|roAp|SXARI,,
256,ASAS J022915-7827.9,ED,2.325,2451868.97
258,ASAS J071006-6932.3,ED,1.7829,2451870.12
261,Gaia DR3 6687082179418037760,E,0.96654,
264,W Vol,EA/AR:,2.75815,2452229.8
269,ASASSN-V J171816.41-700013.6,EA,2.2592,2457434.889
274,ASASSN-V J180810.08-613533.5,L,,
276,ASASSN-V J181041.90-634037.6,EA,2.6197,2458211.84
279,ASAS J013112-7556.9,EA,2.12664,2451869.71
286,Gaia DR3 6431746446688663040,ROT,,
288,ASASSN-V J173159.20-635017.7,ROT,0.835997,2456810.69
290,Gaia DR3 5910068070971161984,ROT,,
291,ASASSN-V J173307.70-651217.8,EA,3.0088,2458765.503
304,ASASSN-V J174745.56-640555.9,EA,0.47102,2457440.884
316,ASAS J172646-7718.1,ED,1.154099,2451869.66
323,ASAS J173704-7316.9,ED,3.589639,2451932.1
324,ASASSN-V J032355.40-783922.8,EA,0.919057,2458183.539
325,ASAS J201912-8203.7,ED,2.369348,2451870.65
326,ASASSN-V J204029.93-792543.2,EA,2.3195,2458364.769
328,ASAS J220922-8615.0,ED,0.926889,2451869.243
330,ASASSN-V J192928.85-561812.5,ROT,9.4954,2458015.671
332,ASAS J193611-5429.1,EA,1.14192,2451873.89
338,KELT KS27C009001,EA,2.7342562,2455276.071
350,DU Oct,EA/RS:,2.47867,2452845.852
351,ASAS J175630-5509.7,EA,11.17812,2454603.796
352,HU Ara,M,238.5,2452809.0
354,ASAS J180250-5115.9,MISC,23.77375,2452004.5
356,ASAS J194306-6046.7,ED,1.182043,2451874.35
358,BO Pav,EA,19.2315,2451873.102
360,Gaia DR3 5487149959949740288,ACV|roAm|roAp|SXARI,,
366,KELT KS27C021719,EA,6.871207,2456937.985
372,Gaia DR3 5803519896675623552,DSCT|GDOR|SXPHE,,
375,Gaia DR3 5803461691279406208,DSCT|GDOR|SXPHE,,
376,ASAS J175931-7618.1,ED,2.237117,2451873.4
377,Gaia DR3 6431159410558514432,E,3.24955,
378,ASASSN-V J181441.19-755530.2,EA,5.8662,2458002.552
381,Gaia DR3 6633700756747577344,VAR,0.039753,
383,Gaia DR3 6400310687693547648,E,7.7388,
384,V0445 Pav,BY,2.7867,2451994.77
386,ASAS J182855-6148.5,ED,0.74885,2451952.329
387,Gaia DR3 5484637605943546112,ROT,,
394,ASAS J073435-6456.7,ED,1.040729,2451869.26
395,V0681 Car,EA+DSCT,1.2209619,2451978.6871
397,KELT KS28C05491,EA,5.4182,2455291.96
399,ASASSN-V J203955.71-621041.9,EA,0.97152,2457691.5
410,ASAS J191544-7623.4,ESD,0.6122,2451873.826
415,ASAS J180934-5218.9,ED,2.518468,2451949.14
418,V0480 Pav,EA,2.46906,2451952.462
419,Gaia DR3 6444228652440716672,E,1.34641,
420,ASAS J200830-5615.8,EA,0.688416,2451873.874
421,ASASSN-V J191957.14-815828.5,EA,4.147,2456796.769
424,V3886 Sgr,EA,1.4076975,2452171.579
427,Gaia DR3 6374595928218781312,E,7.5908,
428,Gaia DR3 6374372070227419008,ACV|roAm|roAp|SXARI,,
432,ASAS J210649-6633.8,EA,3.02649,2451875.32
440,UNSW-V 657,LPV,26.21424,2453946.0
441,Gaia DR3 4616173335835415936,E,0.68376,
443,ASASSN-V J185609.91-573817.3,EW,0.722779,2458220.889
450,Gaia DR3 5911722389295755008,E,2.36961,
451,ASAS J051837-5803.2,EA+BY,5.491,2453725.66
454,Gaia DR3 6434354312172647808,E,5.9201,
455,NN Pav,EA/SD,2.759385,2428675.675
456,Gaia DR3 5779111460094661632,E,18.019,
458,ASAS J161449-7908.9,ED,1.197227,2451917.02
460,CD Aps,EA/SD:,3.3016,2452526.614
463,Gaia DR3 5773980451642134016,RS,,
467,DU Aps,EA/SD:,3.087728,2454615.771
469,ASASSN-V J181326.47-682457.0,EA,2.5672,2457228.578
472,ASAS J090354-8833.1,EA,0.873857,2454555.6252
477,V0526 Sgr,EA/DM,1.91938,2456160.0188
478,LMC V3064,VAR,,
479,LMC V3068,SDOR,,
484,ASAS J195530-7115.7,ED,6.565431,2451885.1
485,DD Oct,EA,2.83071,2447999.344
493,Gaia DR3 6377724897792245632,ROT,,
494,ASAS J192957-4941.4,ED,3.365476,2451966.9
495,Gaia DR3 5193002390174939648,DSCT|GDOR|SXPHE,,
498,LMC V3877,LC,,
518,ASAS J193206-6027.4,EB,0.640737,2451874.0
528,Gaia DR3 6633927427947099904,ROT,,
529,ASASSN-V J192222.41-562556.4,EA,2.4906,2458015.671
530,ASAS J211628-7135.4,EC,2.842,2451876.111
531,CzeV3745,EA+DSCT,7.004984,2454246.784
533,ASASSN-V J190936.92-825734.4,EB,1.748,2457276.477
534,ASASSN-V J195528.26-744619.5,EA,1.4966,2457848.908
544,AA Dor,EA/HW,0.26153973,2455681.91537
547,KELT KS27C011528,EA,13.87595,2456863.713
549,CSTAR 072350,EA,9.925551,2454563.659
553,ASAS J183844-6305.8,ESD,0.65773,2451955.659
555,V0362 Pav,EA,2.748435,2448223.088
556,BI Pav,EA/SD:,2.5272,2452562.61
563,ASAS J191101-6250.7,EA,4.2856,2451963.5
564,ASAS J194358-6727.5,ESD,0.86431,2451873.92
565,ASASSN-V J194711.18-691351.0,EA,2.9078,2457147.808
567,KELT KS27C026221,EA,1.7288051,2455276.283
568,Gaia DR3 6431047122932211072,E,7.8728,
570,CSTAR 107478,EA,2.19258,2454555.7692
572,ASAS J195939-7414.2,ED,3.0082,2451874.33
574,Gaia DR3 5934192009011538560,SR|M,121.1,
576,[HHR2012] J163152.8-491760,VAR,,
582,GDS_J1636069-511234,VAR,,
586,Gaia DR3 6165628795557734784,DSCT|GDOR|SXPHE,,
591,GDS_J1637375-511513,VAR,,
592,OGLE-GD-LPV-014110,M,541.6,
594,GDS_J1459136-555209,VAR,,
602,GDS_J1505383-560506,VAR,,
603,VW Ret,EA,2.0847,2448500.646
606,NSV 20732,ELL,2.67454,
607,Gaia DR3 5940954280339192064,ACV|roAm|roAp|SXARI,,
612,GDS_J1516577-580239,VAR,,
613,GDS_J1644307-493951,VAR,,
615,Gaia DR3 5886882806743163776,L,,
619,GDS_J1646577-495135,VAR,,
621,ASASSN-V J164715.94-535652.5,L,,
622,ASASSN-V J164717.84-485954.2,SR,,2458582.749
623,ASAS J164751-5146.1,GCAS,,
625,KELT KS36C003645,EA,8.2202,2457600.18
626,ASASSN-V J165320.00-523430.5,SR,112.0,2457832.0
630,Gaia DR3 6070888448471839616,L,,
636,GDS_J1545571-583040,VAR,,
637,Gaia DR3 5884038370215428480,L,,
651,Gaia DR3 6223383358225608576,DSCT|GDOR|SXPHE,,
661,Gaia DR3 6669015008646492800,ACV|roAm|roAp|SXARI,,
666,ASASSN-V J145819.27-405017.6,SR,33.6,2459402.636
682,GDS_J1701178-441311,VAR,,
684,Gaia DR3 5963721077353919360,L,,
687,GDS_J1704085-440853,VAR,,
694,Gaia DR3 5965251013390957184,L,,
695,ASASSN-V J151325.57-510651.3,SR,35.27,2458366.551
701,ASAS J142932-4346.8,MISC|SR,38.445766,2451969.7
709,ASAS J144203-4456.2,MISC,436.066437,2452664.9
713,ASASSN-V J144302.39-425713.0,L,,
730,ASASSN-V J151549.19-453416.3,L,,
734,ASASSN-V J152958.99-505911.6,SRS,23.19,2458213.833
735,ASASSN-V J152948.17-504714.9,SR,200.0,2458226.0
747,ASASSN-V J144246.17-411610.7,SRS,24.602,2458600.343
749,ASAS J144335-4134.2,MISC,56.267822,2452027.8
751,Gaia DR3 4954893182855548928,ROT,,
757,ASASSN-V J150756.45-423248.1,VAR,,
764,ASASSN-V J151040.05-431344.5,L,,
767,ASAS J151146-4536.3,MISC,100.200401,2452121.2
768,OGLE-GD-LPV-010701,M,344.1,
769,HD 104186,EA,4.31449,
774,SSS_J134518.0-410202,ROT,2.937021,
783,ASAS J165105-5443.9,ESD|ED,2.3709,2452405.77
786,Gaia DR3 6010002442296894720,ROT,,
787,Gaia DR3 5266660009853275648,ROT,,
796,HD 128521,ACV,4.0258,2453449.85
799,GDS_J1443274-575314,M,365.7,
801,ASASSN-V J154000.49-512624.7,SR,53.97,2458712.651
806,ASAS J144725-5741.0,MISC,106.288063,2452103.7
809,GDS_J1617597-542133,VAR,,
810,ASASSN-V J161905.85-545835.5,SRS,25.361,2458022.51
812,ASAS J162105-5749.9,M,536.0,2453605.3
813,ASASSN-V J162204.28-591408.1,SRS,23.312,2458708.632
815,V0760 Sco,EA/DM,1.730933,2458714.987
816,ASASSN-V J162838.83-352018.9,L,,
818,ASAS J163009-3509.6,MISC,50.2,2452541.2
820,Gaia DR3 5936510741543061632,ACV|roAm|roAp|SXARI,,
821,ASASSN-V J170340.31-491421.9,L,,
822,HD 153736,EA,5.15447,2454573.85
824,ASASSN-V J170403.55-483034.9,SR,48.46,2457782.86
827,Gaia DR3 5924231601832534016,DSCT|GDOR|SXPHE,1.5816,
831,ASASSN-V J170902.01-525134.4,SR,30.91,2459470.516
832,ASAS J170941-5040.6,MISC|SR,63.694267,2452122.4
833,ASASSN-V J171020.60-492707.0,L,,
836,Gaia DR3 5925711402717071616,SR|M,35.9,
840,ASAS J172134-4757.9,MISC|SR,27.470514,2452003.1
845,ASAS J172426-5234.0,ED|ESD,1.912173,2451941.56
849,EROS2-GSA J160745-532831,LPV,60.0,
851,ASASSN-V J171339.82-470410.5,SR,68.27,2459350.773
852,ASASSN-V J171329.07-453923.7,L,,
854,ASASSN-V J171704.77-453403.9,SR,715.0,2459269.836
856,ASAS J171851-4737.8,ED,1.53457,
857,ASASSN-V J172059.85-473616.9,SRS,20.103,2458188.9
863,ASAS J044758-5600.5,EA,1.83616,2452465.97
864,AN Dor,EA,2.03268,2453850.482
867,ASAS J163713-5543.3,M,444.0,2453266.0
868,ASASSN-V J163714.37-565040.6,L,,
871,ASASSN-V J162518.30-463109.9,SRS,24.441,2457585.605
875,[HHR2012] J163816.2-464229,VAR,,
876,[HHR2012] J163838.6-455246,VAR,,
877,[HHR2012] J163849.4-455323,VAR,,
878,[HHR2012] J163858.0-453138,VAR,,
879,OGLE-GD-LPV-014019,M,597.9,
883,GDS_J1639586-431433,VAR,,
884,ASAS J164127-4654.7,ESD|ED,1.886282,2451930.98
886,KELT KS36C016178,EA,4.062627,2457590.342
888,Gaia DR3 5942713945612653184,L,,
893,[HHR2012] J164322.4-471712,VAR,,
895,Gaia DR3 5942704496678064128,L,,
896,[HHR2012] J164413.9-461039,VAR,,
897,Gaia DR3 5943317405697545984,L,,
898,GDS_J1644541-433946,M,277.7,
899,GDS_J1645238-470644,VAR,,
903,GDS_J1647203-421845,VAR,,
909,ASASSN-V J140957.85-423321.5,ROT,3.741,2457089.856
917,Gaia DR3 6109018309102909568,E,2.46529,
923,[HHR2012] J165208.0-430608,VAR,,
925,Gaia DR3 5964799728272030720,RS,,
929,[HHR2012] J165758.2-431502,VAR,,
931,Gaia DR3 6057106654344221696,DSCT|GDOR|SXPHE,5.3907,
933,Gaia DR3 6067902037427875072,ACV|roAm|roAp|SXARI,,
935,Gaia DR3 6056125752531752704,SR|M,182.5,
937,ASASSN-V J154129.44-461729.9,SRS,18.195,2457943.658
941,Gaia DR3 5848840288550514048,ROT,,
942,ASASSN-V J144344.41-664335.6,L,,
943,ASASSN-V J061016.53-562227.8,L,,
946,ASASSN-V J171714.77-512453.5,L:,,
947,iot Men,ELL:,5.288,2441979.85
964,ASASSN-V J114855.65-565042.7,L,,
965,Gaia DR3 5342168391101013760,L,,
972,ASASSN-V J073327.11-760504.0,VAR,,
976,[HHR2012] J160214.3-523026,VAR,,
980,KELT KS37C015620,EA,1.825928,2457571.233
986,GDS_J1541317-574227,M,349.2,
987,Gaia DR3 5885328612671766400,L,,
989,GDS_J1531002-541602,M,246.8,
990,GDS_J1532432-585234,VAR,,
992,ASASSN-V J153541.59-593901.8,SRS,29.23,2457933.633
999,ASASSN-V J162811.92-764430.6,L,,
1000,ASASSN-V J144407.04-632249.6,SR,51.78,2458244.8
1003,OGLE-GD-LPV-006666,M,422.8,
1005,ASAS J042633-5626.7,ESD,1.71079,2452468.2
1012,Gaia DR3 6432354270462576640,ACV|roAm|roAp|SXARI,,
1013,Gaia DR3 5877992499322816128,SR|M,277.4,
1022,RR TrA,EA/SD,0.71309172,2435629.36932
1028,Gaia DR3 5338796635627082112,SR|M,96.18,
1032,Gaia DR3 5332401051381579136,SR|M,338.3,
1034,Gaia DR3 5338170257613217536,DSCT|GDOR|SXPHE,,
1047,Gaia DR3 5335155014417546240,DSCT|GDOR|SXPHE,1.33882,
1054,ASASSN-V J115517.39-632728.0,SR,530.0,2459047.284
1055,Gaia DR3 5338660807243993216,DSCT|GDOR|SXPHE,,
1056,Gaia DR3 5333022859557413120,SR|M,174.0,
1057,Gaia DR3 5335280466176180736,DSCT|GDOR|SXPHE,,
1061,Gaia DR3 5338645555866749952,ACV|roAm|roAp|SXARI,,
1076,WISE J083656.5-674441,ACEP|CEP,1.1578935,
1078,Gaia DR3 6057412662184038400,SR|M,144.0,
1105,Gaia DR3 5868419807507981440,E,5.591,
1106,Gaia DR3 5868719218244145152,SR|M,138.0,
1113,Gaia DR3 5868411080105825152,S,,
1116,Gaia DR3 5868724750189856896,DSCT|GDOR|SXPHE,,
1116,Gaia DR3 5868724750196131072,RRC,0.286011,
1119,Gaia DR3 5860561971509913088,ROT,,
1120,Gaia DR3 5868468387833996928,L,,
1124,EROS2-GSA J133159-635410,LPV,60.0,
1125,GDS_J1332209-615224,VAR,,
1126,GDS_J1125002-604758,VAR,,
1131,Gaia DR3 5864956895605575552,RS,,
1132,HD 117692,ACV,3.2798,2453074.73
1133,GDS_J1127336-630710,VAR,,
1138,ASAS J113033-6013.3,VAR,,
1141,Gaia DR3 5865280942320514560,L,,
1143,ASAS J113043-6006.5,M,207.2,
1148,Gaia DR3 5334072785738137984,BCEP,,
1158,GDS_J1341189-611810,VAR,,
1159,Gaia DR3 5865408279494732416,DSCT|GDOR|SXPHE,2.79003,
1160,V1052 Cen,CST,,
1161,GDS_J1342099-641622,VAR,,
1161,Gaia DR3 5863967472606678528,L,,
1165,Gaia DR3 5865892923610678656,L,,
1172,Gaia DR3 5865872273406642560,L,,
1174,ASASSN-V J114459.62-651416.0,SR,80.8,2458651.617
1184,Gaia DR3 5864516300721355776,ROT,,
1186,GDS_J1356451-640530,VAR,,
1196,ASASSN-V J123106.26-675315.3,SR,207.0,2457780.8
1205,OGLE-GD-LPV-005120,M,468.3,
1209,GDS_J1403563-620043,VAR,,
1212,ASASSN-V J124222.17-660630.0,L:,,
1217,GDS_J1406373-600634,M,452.9,
1220,GDS_J1405563-641618,VAR,,
1228,GDS_J1410085-632259,VAR,,
1231,ASASSN-V J141127.86-651110.2,M,319.0,
1232,Gaia DR3 5866604341979696000,L,,
1234,GDS_J1412516-630550,VAR,,
1239,ASASSN-V J150010.97-423439.8,SRS,23.85,2457886.82
1243,ASASSN-V J150301.40-452854.0,L:,,
1245,Gaia DR3 5853828394877790592,ROT,2.01466,
1247,ASASSN-V J141725.11-643639.3,L,,
1249,ASASSN-V J150514.72-445257.1,SR,464.0,2458722.61
1253,GDS_J1417175-613116,VAR,,
1254,ASASSN-V J150546.94-471712.2,SRS,18.112,2457761.865
1258,Gaia DR3 5854220576929952128,L,,
1263,Gaia DR3 5857795737696986496,L,,
1265,Gaia DR3 5969526563125802624,ACV|roAm|roAp|SXARI,,
1268,NSV 20800,VAR:,,
1272,OGLE-GD-LPV-003020,M,367.8,
1279,Gaia DR3 5966484493632770688,L,,
1284,ASASSN-V J133654.33-671847.9,SR,473.0,2458670.671
1286,ASAS J160123-6021.3,MISC,57.673431,2452024.7
1293,Gaia DR3 5966618599678331648,L,,
1295,Gaia DR3 6417748525496411520,ACV|roAm|roAp|SXARI,,
1296,Gaia DR3 6633700756747577344,VAR,0.039753,
1297,ASASSN-V J165711.32-501622.6,SR,386.0,2457781.0
1306,ASASSN-V J121528.04-721643.4,SR,71.48,2457461.665
1308,ASASSN-V J160502.17-672522.8,SR,34.19,2458357.597
1312,ASASSN-V J124845.79-724259.0,L,,
1313,NSV 20714,,,
1315,ASASSN-V J051254.36-614155.3,VAR,,
1318,ASASSN-V J114851.93-673300.8,SR,134.0,2458313.0
1321,ASASSN-V J172039.50-574954.7,L,,
1322,ASASSN-V J172931.31-523827.9,SRS,20.872,2457937.7
1325,V0410 Car,DSCTC,0.06,
1332,GDS_J1204321-631500,VAR,,
1337,GDS_J1208165-625849,VAR,,
1341,GDS_J1708395-463254,VAR,,
1342,ASAS J165759-6851.6,ED,1.242228,2451932.11
1351,Gaia DR3 5854238443995666304,L,,
1352,GDS_J1422599-613406,VAR,,
1359,ASAS J144829-4203.1,MISC|SR,440.440674,2453241.8
1363,GDS_J1429132-620225,M,357.3,
1367,Gaia DR3 5853439958020599552,L,,
1373,ASASSN-V J104216.21-622910.8,SR,220.0,2458204.0
1376,ASAS J104300-6131.2,DCEPS,2.6745,2451877.79
1381,ASAS J143154-6106.7,ED,1.863031,2451905.95
1390,Gaia DR3 5877576987050305792,ACV|roAm|roAp|SXARI,,
1397,Gaia DR3 5877294133314980352,L,,
1398,Gaia DR3 5877273350052165888,VAR,0.0227353,
1408,Gaia DR3 5874188257822261248,ACV|roAm|roAp|SXARI,,
1410,LMC V3961,VAR,,
1411,ASASSN-V J121623.38-574422.5,SR,201.0,2457773.0
1412,ASAS J150815-7907.0,MISC,278.293121,2452642.8
1416,KELT KS37C026115,EA,2.41667,2457481.829
1417,Gaia DR3 5934962594800619904,DSCT|GDOR|SXPHE,4.01381,
1419,Gaia DR3 5891286282096370816,L,,
1421,Gaia DR3 6056707943948617344,ROT,,
1425,Gaia DR3 5866967524411655040,L,,
1427,Gaia DR3 6057096449500931968,DSCT|GDOR|SXPHE,2.64483,
1427,Gaia DR3 6057096445166423296,E,1.96934,
1433,GDS_J1530193-591436,VAR,,
1434,Gaia DR3 5880782269551712128,L,,
1436,TYC 8996-1013-1,EP,2.77542,2459307.036
1439,GDS_J1454307-560949,M,420.8,
1440,ASAS J145427-5517.7,SR,47.14,2452571.5
1441,Gaia DR3 5893668339637087616,VAR,0.0367335,
1444,GDS_J1600057-541933,VAR,,
1450,NSV 2197,,,
1451,ASAS J160416-5626.4,ED,2.207758,2451927.74
1453,Gaia DR3 5851558070793196544,VAR,0.0347172,
1460,Gaia DR3 5862871946698835712,L,,
1461,Gaia DR3 5863004777113534592,L,,
1463,Gaia DR3 5861666263525275392,SR|M,236.9,
1466,ASAS J125822-6353.1,VAR,,
1467,Gaia DR3 5862749041922832128,L,,
1469,OGLE-GD-LPV-003431,M,384.4,
1477,GDS_J1307357-640714,M,392.1,
1480,Gaia DR3 5858960640296849152,L,,
1481,GDS_J1311004-640549,M,469.7,
1482,ASASSN-V J131135.05-621026.5,SR,120.0,2459275.691
1487,HD 142459,ACV,1.7272,2453860.39
1488,Gaia DR3 5862480864149087872,L,,
1503,Gaia DR3 5354590329853072000,E,31.48,
1511,Gaia DR3 5846282412142735360,S,,
1516,GDS_J1321271-642002,M,349.9,
1517,Gaia DR3 5868297624264432384,L,,
1520,Gaia DR3 5339353778793782400,DSCT|GDOR|SXPHE,2.47856,
1536,Gaia DR3 6053464968775592064,L,,
1538,GDS_J1230128-604350,VAR,,
1548,ASAS J113621-5843.2,M,399.5,2452665.9
1551,ASASSN-V J145142.67-442938.2,SR,154.0,2457826.7
1558,HD 135477,EA,2.007845,2454363.495
1562,ASASSN-V J103012.40-540956.2,SR,617.0,2459168.793
1565,ASAS J164233-4104.2,ESD,1.286997,2451932.32
1567,Gaia DR3 5350548868726049024,ACV|roAm|roAp|SXARI,,
1568,V0560 Car,ELL,6.0803,2453837.7
1570,ASAS J104701-5757.5,GCAS,,
1571,ASAS J104701-5757.5,GCAS,,
1573,GDS_J1053015-594837,VAR,,
1577,ASASSN-V J102802.73-610328.8,SR,264.0,2457933.6
1579,GDS_J1240044-611551,VAR,,
1584,ASAS J153339-5138.0,ED,1.382124,2451921.15
1587,HD 88814,ACV,1.59222,2452680.75
1594,Gaia DR3 5987315699190745728,ACV|roAm|roAp|SXARI,,
1595,GDS_J1039328-614224,VAR,,
1599,Gaia DR3 5350285570057783168,L,,
1604,GDS_J1049118-613706,VAR,,
1606,FY Car,RVB,54.22,2452721.0
1608,Gaia DR3 5338296460932452736,ACV|roAm|roAp|SXARI,,
1613,FL Car,SRB,204.0,2423940.386
1614,ASASSN-V J105541.67-625001.6,SR,109.0,2458923.653
1624,Gaia DR3 5338148439177688320,DSCT|GDOR|SXPHE,,
1624,Gaia DR3 5338148439182349184,BCEP,,
1631,GDS_J1101339-611052,VAR,,
1632,GDS_J1101354-604558,VAR,,
1634,ASASSN-V J110340.63-613711.0,SR,47.21,2459345.289
1639,Gaia DR3 5338032921726598016,SR|M,485.3,
1651,ASASSN-V J111230.84-601014.0,SR,164.0,2459553.781
1652,OGLE-GD-LPV-001610,M,430.0,
1653,Gaia DR3 5336863591086425600,DSCT|GDOR|SXPHE,,
1656,Gaia DR3 5240714597778647296,BCEP,,
1657,ASASSN-V J111433.63-645449.6,SR,31.57,2459322.633
1662,Gaia DR3 5336820057295817088,L,,
1664,GDS_J1118426-633320,M,414.1,
1665,Gaia DR3 5237538933325075712,SR|M,235.0,
1671,Gaia DR3 5290752787819629056,ROT,,
1676,GDS_J1021137-583213,VAR,,
1677,GDS_J1102557-601148,VAR,,
